sekse,cgebland,lnvgalguz,leeftijd,lftinsz1inclvtt,delcuziv,dichtheid,dum1120,dum21plus,lft2,rec4
0,1,1.098612289,23.46885695,18.91581109,1,0.60013557,0,0,138.76311850000002,1
0,1,1.098612289,54.49129823,26.79028012,7,0.263977157,0,0,370.2801739,0
0,1,2.302585093,61.32511978,33.51129363,1,0.5588828579999999,0,0,679.9831747000002,0
0,1,1.945910149,24.25188227,20.95010555,4,1.181004882,0,0,120.9285216,0
0,1,0.0,19.77275838,19.77275838,7,0.0,0,0,239.5026881,0
0,1,0.0,58.90212183,58.90212183,7,0.0,0,0,559.4875448,0
0,1,0.0,56.09308693,56.09308693,7,0.0,0,0,434.4912690000001,0
0,5,0.0,19.33153893,19.33153893,8,0.0,0,0,253.3538763,0
1,7,0.0,18.90493387,18.90493387,4,0.0,0,0,267.1164939,1
0,1,0.693147181,34.60559105,19.87953457,1,0.252168064,0,0,0.413502662,0
0,1,0.0,20.86592745,20.86592745,6,0.0,0,0,206.8622125,0
0,1,0.0,21.14805993,21.14805993,4,0.0,0,0,198.8261545,0
1,7,0.0,51.43626429,51.43626429,8,0.0,0,0,262.0394142,0
0,1,0.0,43.40107568,15.50718686,6,0.696082987,1,0,66.46232541,0
0,1,0.0,32.70362765,32.70362765,7,0.0,0,0,6.477051065,1
0,1,0.0,33.77686516,14.35816402,4,0.8280374159999999,1,0,2.166099904,0
0,1,0.0,25.10061602,25.10061602,7,0.0,0,0,102.9822441,0
0,1,0.0,31.95893224,18.29431896,6,0.977076821,1,0,10.82212961,0
1,3,0.0,29.07719545,29.07719545,8,0.0,0,0,38.08663868,0
0,1,0.693147181,21.10609172,14.94047725,6,0.373571108,0,0,200.0114675,0
0,1,0.0,38.77299532,18.29974494,4,0.807449043,1,0,12.42113134,0
0,1,0.0,64.26168847,64.26168847,8,0.0,0,0,841.7574007999998,0
0,2,0.0,30.19849418,15.4934976,4,1.4713653880000002,0,1,25.50389979,1
0,7,0.0,33.31452344,14.46313563,4,0.839785905,1,0,3.740778901,1
0,1,1.791759469,43.42922681,19.52635181,4,0.448084847,0,0,66.92211881,1
0,1,0.0,65.55037779,65.55037779,7,0.0,0,0,918.1957508,0
0,1,0.693147181,37.13327135,19.30442169,8,0.23045604600000005,0,0,3.551862571,0
0,1,0.0,54.65023956,14.76669018,7,0.911937683,0,1,376.422346,0
1,1,0.0,55.7230206,55.7230206,5,0.0,0,0,419.200557,0
0,1,2.197224577,33.55763293,22.52306842,7,0.815323207,0,0,2.859480464,1
0,1,0.0,44.42943342,44.42943342,7,0.0,0,0,84.28710046,0
0,1,1.098612289,23.70704997,19.06801648,7,0.595542365,0,0,133.20813370000002,0
0,1,1.098612289,27.48838362,19.47429519,4,0.47103599,0,0,60.22146688,0
0,4,0.0,42.43394935,16.61054073,4,1.125855038,0,1,51.62877431,1
0,1,0.0,23.14031485,23.14031485,7,0.0,0,0,146.6113629,0
0,1,2.079441542,38.77344285,15.90597853,5,0.541559126,0,0,12.42428606,1
1,1,0.0,23.45516769,23.45516769,4,0.0,0,0,139.0858186,0
0,1,2.397895273,36.83778234,21.01106912,7,0.7709040970000001,0,0,2.525396349,1
0,1,0.0,21.83025103,21.83025103,7,0.0,0,0,180.0529685,0
0,6,0.0,30.83706724,30.76540665,5,0.0,0,0,19.46191049,0
0,1,1.609437912,31.45931947,19.40458283,7,0.553536085,0,0,14.35889533,0
0,1,0.0,19.26318003,19.26318003,4,0.0,0,0,255.5346995,1
0,1,0.0,27.32679713,27.32679713,1,0.0,0,0,62.75548001,0
1,1,0.0,38.65786432,38.65786432,4,0.0,0,0,11.62285973,0
1,1,2.197224577,28.24914442,14.15873932,5,0.72810589,0,0,48.99283718,1
0,1,0.0,38.26146475,16.45393921,4,1.220957013,0,1,9.077156522000001,1
1,7,0.0,20.17522245,20.17522245,4,0.0,0,0,227.2076988,0
0,1,0.0,25.87542779,18.84293764,4,1.320197534,1,0,87.85697167,1
0,5,1.386294361,40.08789962,31.99069248,8,0.574257381,0,0,23.4185036,1
1,6,0.0,26.16016427,26.16016427,6,0.0,0,0,82.60025971,0
0,1,0.693147181,42.17385352,32.45448323,7,0.305432582,0,0,47.95868246,1
1,1,0.693147181,43.61494198,43.45788777,8,0.929657862,0,0,69.99512973,0
0,1,0.0,20.35296331,20.35296331,7,0.0,0,0,221.8809687,0
0,1,1.386294361,25.34602907,13.50336135,7,0.483318038,0,0,98.06156009,0
0,1,1.098612289,20.30951663,15.15357179,5,0.5699905270000001,0,0,223.1771911,0
0,1,0.0,25.07947398,25.07947398,8,0.0,0,0,103.4117906,0
0,1,0.0,22.67214237,22.67214237,7,0.0,0,0,158.16811090000004,0
0,1,1.386294361,38.16837782,14.96783025,3,0.35208541200000004,0,0,8.524911159,0
0,1,1.945910149,44.98370374,17.19096509,7,0.456493016,0,0,94.77160664,0
0,6,0.0,23.38124572,23.38124572,4,0.0,0,0,140.8348754,0
0,2,0.693147181,18.12338635,17.73371622,4,0.848289593,0,0,293.2740651000001,1
0,1,0.0,33.27640467,18.07255305,7,0.92951176,1,0,3.889683692,1
0,1,0.0,18.06160164,18.06160164,5,0.0,0,0,295.3940391000001,1
0,1,0.693147181,49.62628337,44.08213552,7,0.390907001,0,0,206.7168366,0
0,6,0.0,32.19961794,32.19961794,7,0.0,0,0,9.296491472,0
0,2,0.0,28.45017381,15.52433382,4,1.562531417,0,1,46.21904428,1
0,1,1.945910149,18.17111567,12.78074052,1,0.968974723,0,0,291.6415903,1
0,3,0.0,29.49486653,29.49486653,2,0.0,0,0,33.10582598,0
0,6,0.0,33.44010951,33.44010951,8,0.0,0,0,3.270756378,0
0,1,1.791759469,44.83847663,18.69986422,7,0.429231102,0,0,91.96510514,1
1,1,0.0,50.19941086,50.19941086,7,0.0,0,0,223.5257653,0
0,1,1.098612289,60.36960986,30.91232039,6,0.256253244,0,0,631.0634896,0
0,1,0.0,27.81930185,27.81930185,8,0.0,0,0,55.19495799,0
0,1,1.098612289,57.23720644,36.71667209,7,0.304851596,0,0,483.497372,0
0,4,2.197224577,47.64681725,20.79359476,6,0.535929014,0,0,153.7149783,0
0,4,0.0,28.46750263,16.38690398,4,1.612224989,0,1,45.98372602,1
0,7,2.397895273,32.31211499,19.52239587,4,0.851573797,0,0,8.623136692000001,1
0,7,0.0,21.25371901,21.25371901,4,0.0,0,0,195.8576113,0
1,1,0.0,20.29867002,20.29867002,5,0.0,0,0,223.5013863,0
0,7,1.791759469,53.47660142,36.68446270000001,7,0.530116014,0,0,332.258841,0
1,1,1.791759469,25.05371486,12.9428062,8,0.617544995,0,0,103.9363513,0
0,7,1.945910149,37.43670146,23.75348154,1,0.639241517,0,0,4.78764458,1
0,1,0.693147181,41.94869686,39.48030652,7,0.536952682,0,0,44.89085876,0
0,5,1.098612289,47.37721858,36.09202804,8,0.403481893,0,0,147.1025936,0
1,6,0.0,18.17385352,18.17385352,6,0.0,0,0,291.54808639999993,0
1,1,0.0,40.49007529,40.49007529,4,0.0,0,0,27.47271967,1
1,3,1.609437912,27.32648871,21.38906935,4,0.75933081,0,0,62.76036661,1
0,6,0.0,28.1009867,27.44162997,6,0.0,0,0,51.08884433,0
0,6,0.0,26.60095825,26.60095825,4,0.0,0,0,74.78227469,0
1,1,0.0,29.36344969,29.36344969,4,0.0,0,0,34.6353799,0
0,1,0.0,23.74811773,23.74811773,7,0.0,0,0,132.2618463,0
0,1,0.0,30.39461822,30.39461822,4,0.0,0,0,23.56145726,0
0,6,0.0,23.25256674,23.25256674,4,0.0,0,0,143.9056004,0
0,1,1.609437912,42.94254081,28.35311168,5,0.506541334,0,0,59.19622095,1
0,1,1.098612289,24.32580424,22.0235407,8,0.778232087,0,0,119.3081831,0
1,1,0.0,21.69562505,21.69562505,4,0.0,0,0,183.6840184,0
0,1,1.386294361,53.19620101,40.678987,7,0.471104261,0,0,322.1152056,0
0,1,1.098612289,54.65399767,36.08487756,7,0.319690218,0,0,376.5681869,0
0,1,0.693147181,21.80796667,21.65417212,7,0.930970153,0,0,180.6515053,1
1,1,0.0,18.2532512,18.2532512,4,0.0,0,0,288.84299489999995,0
0,7,0.0,33.01026694,33.01026694,6,0.0,0,0,5.010281601,0
0,1,0.0,30.66273608,30.66273608,7,0.0,0,0,21.03044851,0
0,6,0.0,28.99931554,28.99931554,4,0.0,0,0,39.05396591,0
0,1,0.693147181,18.60060274,13.4023806,8,0.401667258,0,0,277.156904,0
0,1,0.0,22.83367556,22.83367556,1,0.0,0,0,154.1311625,0
0,6,0.0,46.88569473,46.88569473,4,0.0,0,0,135.421211,0
0,1,0.0,38.21765914,38.21765914,7,0.0,0,0,8.815117553,0
0,1,2.197224577,44.97088213,18.48437888,7,0.539492295,0,0,94.52213262,1
0,2,0.0,20.91991786,20.91991786,4,0.0,0,0,205.3120709,1
0,1,0.693147181,22.1762038,21.79397993,1,0.8505714590000001,0,0,170.8883993,1
0,2,0.693147181,41.21013005,40.13997392,1,0.695021837,0,0,35.53944976,0
0,1,1.791759469,35.74301357,18.22861054,7,0.519672991,0,0,0.244412371,0
0,1,0.0,40.0,40.0,7,0.0,0,0,22.57549053,0
0,1,1.386294361,57.29383670000001,49.93622658,7,0.599127941,0,0,485.9910161,1
0,1,0.0,58.40308325,58.40308325,7,0.0,0,0,536.1285769,0
0,1,0.0,59.04175222,59.04175222,8,0.0,0,0,566.1125332,0
0,1,0.0,49.66485252,22.14099932,7,1.091780573,0,1,207.8273919,1
0,7,0.693147181,34.92402464,33.52553477,4,0.6457004,0,0,0.10537044,0
0,6,0.0,23.05817933,23.05817933,4,0.0,0,0,148.6071552,0
0,1,1.098612289,21.80150582,20.83699356,6,1.008991776,0,0,180.8252233,0
0,5,0.693147181,31.84452997,19.31459414,7,0.271864269,0,0,11.58791589,0
0,1,0.0,24.22760074,24.22760074,7,0.0,0,0,121.4631472,0
0,1,2.079441542,39.24161533,14.02874743,4,0.516763404,0,0,15.94390972,0
0,6,0.0,29.24834427,29.24834427,4,0.0,0,0,36.00346217,0
0,1,2.079441542,32.8678987,16.99024907,7,0.644010631,0,0,5.667894729,0
0,6,0.693147181,67.87953457,53.35149384,8,0.253770812,0,0,1064.775752,0
0,1,0.693147181,18.94403326,17.13118349,7,0.596247719,0,0,265.8399653,0
0,1,0.0,60.03832991,60.03832991,7,0.0,0,0,614.5290842,0
0,7,1.386294361,22.4257358,18.13004791,6,0.752661041,0,0,164.4266868,0
0,5,0.0,27.76523668,27.76523668,8,0.0,0,0,56.00121711,0
0,1,0.0,19.04716718,19.04716718,8,0.0,0,0,262.4874874,0
0,5,1.609437912,34.42402283,20.3340178,7,0.514855437,0,0,0.6799815509999999,0
0,1,0.0,45.14989733,45.14989733,8,0.0,0,0,98.03503984,0
0,1,0.0,41.06776181,19.09914952,1,0.7807223990000001,1,0,33.86226271,1
0,6,0.0,26.03148528,26.03148528,4,0.0,0,0,84.95580783,0
0,4,0.0,45.69746749,45.69746749,1,0.0,0,0,109.1781469,0
0,5,1.791759469,31.89362711,26.57517891,8,0.8895693020000001,0,0,11.25606297,0
1,1,0.693147181,19.91728183,15.68213527,8,0.437054482,0,0,235.05032180000003,0
0,1,0.0,62.19849418,62.19849418,7,0.0,0,0,726.29503,0
1,7,0.693147181,41.63222393,27.48528405,8,0.256943449,0,0,40.7502361,0
0,5,1.386294361,46.71868583,26.39835729,7,0.375114352,0,0,131.5621172,0
0,1,0.0,45.82614648,45.82614648,1,0.0,0,0,111.88379609999998,0
0,1,2.397895273,31.63789195,17.88996422,7,0.823444816,0,0,13.03744929,1
0,1,0.0,52.98562628,26.0698152,6,1.103606712,0,1,314.60093880000005,1
1,6,0.0,21.98066944,21.98066944,4,0.0,0,0,176.0388509,0
0,4,0.0,25.23203285,25.23203285,6,0.0,0,0,100.3322739,0
0,1,0.0,26.47775496,14.16860395,4,1.5983220180000002,0,1,76.92829757,1
0,1,1.945910149,33.2183436,17.92813604,7,0.606893263,0,0,4.122074125,0
0,3,0.0,21.4512051,21.4512051,1,0.0,0,0,190.3690104,0
0,2,0.0,42.19552872,42.19552872,7,0.0,0,0,48.25936324,1
0,1,0.693147181,51.37795365,44.41423232,1,0.35435778100000004,0,0,260.1549918,0
0,1,0.0,54.12457221,54.12457221,4,0.0,0,0,356.3010897,1
0,6,1.098612289,54.75154004,34.66392882,1,0.307964959,0,0,380.3633919,0
0,7,1.791759469,54.56599659,38.81998631,8,0.546423446,0,0,373.16054489999993,0
0,1,0.693147181,18.32991102,16.17046005,4,0.562592826,0,0,286.2431458000001,0
0,1,1.386294361,66.8161138,41.19096509,5,0.335671606,0,0,996.5058587,0
0,1,0.0,22.40930869,22.40930869,1,0.0,0,0,164.8482428,0
0,1,0.0,35.77635273,15.18412047,1,1.25484674,0,1,0.278488356,1
0,7,0.0,20.56749693,20.56749693,1,0.0,0,0,215.5357498,1
0,1,0.693147181,28.26557153,17.23135251,1,0.288264422,0,0,48.76314438,1
0,1,0.0,20.10951403,20.10951403,1,0.0,0,0,229.1929163,1
0,1,0.0,19.70206102,19.70206102,7,0.0,0,0,241.6958931,0
0,1,0.0,20.0,20.0,7,0.0,0,0,232.5208014,1
0,7,0.0,44.20898471,44.20898471,8,0.0,0,0,80.2879069,0
0,6,0.0,31.91432213,31.91432213,7,0.0,0,0,11.11762747,0
0,1,2.197224577,35.06841952,15.79782122,4,0.62821993,0,0,0.032476815,1
0,1,0.693147181,46.37919233,31.71252567,6,0.25264557600000004,0,0,123.8893561,0
0,1,0.0,24.71839357,24.71839357,5,0.0,0,0,110.8859376,0
0,1,0.0,21.70841889,21.70841889,6,0.0,0,0,183.337392,1
0,1,2.079441542,47.92881588,22.31074606,7,0.512815024,0,0,160.7870436,1
0,7,0.693147181,39.46143119,36.65005704,1,0.512223156,0,0,17.74767052,0
0,4,0.0,26.33538672,26.33538672,7,0.0,0,0,79.44595518,1
1,1,0.0,37.74964867,37.74964867,7,0.0,0,0,6.255080538,0
0,1,0.0,28.84032531,14.69952088,1,1.498528419,0,1,41.06640454,1
0,1,0.0,18.39452873,18.39452873,5,0.0,0,0,284.0608229,0
0,7,0.0,22.03053043,22.03053043,4,0.0,0,0,174.71822959999997,0
0,1,0.693147181,40.13963039,34.25615075,7,0.381150053,0,0,23.92185769,1
0,1,1.386294361,23.18345711,17.33059548,5,0.661644408,0,0,145.56846389999995,0
0,1,0.0,55.9841319,26.01262491,7,1.0477514959999998,0,1,429.9609242,0
0,7,0.693147181,21.9028063,20.72417636,7,0.677498389,0,0,178.11108430000004,0
0,7,1.386294361,27.98631075,24.45464978,5,0.813639309,0,0,52.74132122,1
0,4,0.693147181,43.3155373,32.42162902,4,0.289959744,0,0,65.07494870000001,0
1,6,0.693147181,28.98288843,20.48946615,7,0.324555221,0,0,39.25955214,1
0,1,1.386294361,19.01362924,16.80522907,4,0.966977486,0,0,263.5753398,1
0,1,0.0,18.49227121,18.49227121,1,0.0,0,0,280.7756528,0
0,1,0.693147181,36.41889117,25.83588571,7,0.29382542300000003,0,0,1.369504717,0
1,1,1.098612289,33.83709788,26.70457151,4,0.495909306,0,0,1.992430759,1
0,1,0.0,62.0752909,62.0752909,7,0.0,0,0,719.6695861000002,0
1,1,2.079441542,30.82310876,13.17114394,4,0.61261373,0,0,19.58526279,1
1,3,0.0,27.26625599,27.26625599,4,0.0,0,0,63.71833912,1
0,1,1.791759469,30.22239229,15.27173169,7,0.559880917,0,0,25.26309337,1
0,1,0.693147181,67.30691298,55.49623143,8,0.279391946,0,0,1027.73333,0
0,4,0.0,22.51173375,22.51173375,8,0.0,0,0,162.2285967,0
0,6,0.0,30.39561944,30.39561944,4,0.0,0,0,23.55173842,0
1,1,0.0,22.01779603,22.01779603,8,0.0,0,0,175.0550409,0
0,1,0.0,56.35597957,33.98767967,5,0.774016928,1,0,445.520089,0
0,1,1.386294361,25.51129363,19.33903602,3,0.646744415,0,0,94.8157735,1
1,4,1.386294361,63.16221766,34.34967802,4,0.31722042300000003,0,0,779.1682212000002,0
0,1,1.945910149,18.76848239,12.97741273,5,0.939953853,0,0,271.5953565,1
0,1,0.693147181,58.26694045,46.21765914,2,0.276825889,0,0,529.8424884,0
1,2,0.0,20.580025,20.580025,4,0.0,0,0,215.1680539,1
1,1,1.609437912,57.724846,30.1365993,4,0.374055664,0,0,505.1801608,0
0,1,2.079441542,22.72064118,14.93249366,7,0.8924838190000001,0,0,156.95057340000002,1
0,1,1.386294361,23.22435119,20.4582569,6,0.892513992,0,0,144.5833477,1
0,1,2.397895273,22.22709192,16.618130400000002,5,1.230080088,0,0,169.5605262,0
0,6,0.0,23.54920983,23.54920983,7,0.0,0,0,136.8764973,0
0,4,0.0,51.67693361,51.67693361,1,0.0,0,0,269.8890683,0
0,1,2.197224577,41.36035735,18.80903491,4,0.582823889,0,0,37.35317726,1
0,1,0.0,42.32991102,42.32991102,8,0.0,0,0,50.14450161,0
0,1,1.098612289,20.06023272,15.08915925,7,0.57874705,0,0,230.6874963,1
0,7,1.098612289,19.80835044,17.77739277,8,0.812316101,0,0,238.4023184,0
0,1,1.098612289,55.58008984,43.46147546,8,0.390455024,0,0,413.3681463,0
0,1,2.197224577,30.94762913,19.36991422,1,0.797524659,0,0,18.49863235,1
0,1,0.0,21.58247775,21.58247775,7,0.0,0,0,186.763793,1
0,1,0.693147181,18.72142368,17.600757,4,0.6866948540000001,0,0,273.1486403,1
0,1,0.0,18.87040136,18.87040136,4,0.0,0,0,268.2464642,0
0,1,0.0,38.33906634,38.33906634,3,0.0,0,0,9.550779645,0
1,1,0.0,19.8461588,19.8461588,7,0.0,0,0,237.2362044,1
0,3,1.791759469,30.36303486,18.34633812,1,0.619775792,0,0,23.86906694,1
1,5,0.0,41.46201232,41.46201232,1,0.0,0,0,38.6060854,0
0,1,0.0,49.80769783,19.45296639,2,0.668209238,1,0,211.9663753,0
0,1,0.0,23.7730817,23.7730817,5,0.0,0,0,131.6882725,0
0,1,0.0,20.0146866,20.0146866,6,0.0,0,0,232.0731159,0
0,5,1.098612289,34.9022285,29.71937029,7,0.568748618,0,0,0.119995923,0
0,1,1.098612289,39.52361396,32.83486289,5,0.510019871,0,0,18.27546417,0
0,1,1.609437912,31.66951619,14.36824093,3,0.467508293,0,0,12.81007554,1
1,1,0.0,52.36960986,52.36960986,4,0.0,0,0,293.1278563,1
1,6,0.0,57.49760438,57.49760438,4,0.0,0,0,495.0167376,0
0,1,2.197224577,39.15704303,19.17590691,7,0.6174908020000001,0,0,15.27567071,1
0,2,1.791759469,32.17196295,19.52464379,1,0.605286974,0,0,9.465897198,0
0,1,1.098612289,20.50902743,18.16563997,5,0.7734311220000001,0,0,217.2559657,0
0,1,0.0,43.60848734,43.60848734,4,0.0,0,0,69.88716834,0
0,1,0.0,46.56262834,46.56262834,1,0.0,0,0,128.0064956,0
0,4,2.302585093,34.53251198,16.87611225,6,0.6945561090000001,0,0,0.512828993,1
0,1,1.098612289,26.09370804,16.44626968,7,0.433403516,0,0,83.81264678,0
1,1,0.0,40.47251385,16.0643547,1,0.742296508,1,0,27.28893348,0
0,1,0.0,27.00922082,27.00922082,4,0.0,0,0,67.88790931,0
0,1,0.0,34.58726899,34.58726899,7,0.0,0,0,0.437402048,1
0,1,0.0,44.79192039,44.79192039,7,0.0,0,0,91.0743386,0
0,1,0.0,37.36330634,19.22946365,4,1.333025198,0,1,4.471844274,1
0,1,0.0,18.49783228,18.49783228,5,0.0,0,0,280.5893171,0
1,7,0.0,48.62136547,48.62136547,8,0.0,0,0,178.82997980000005,0
0,1,0.0,44.55449141,44.55449141,8,0.0,0,0,86.59900490000003,0
1,1,0.693147181,26.16837782,25.407255300000006,4,0.7535380979999999,0,0,82.45102995,0
0,1,1.098612289,25.95885023,21.00205339,7,0.579440175,0,0,86.30005971,0
0,1,0.0,19.75993456,19.75993456,8,0.0,0,0,239.8997722,0
0,1,0.0,19.44695414,19.44695414,4,0.0,0,0,249.6930476,0
1,1,0.0,53.83009186,53.83009186,4,0.0,0,0,345.2706219,0
0,1,0.0,20.90316086,20.90316086,7,0.0,0,0,205.7925645,0
0,1,2.079441542,57.06256746,30.04148044,6,0.499811829,0,0,475.8477467,1
0,1,1.098612289,51.08555784,22.71364039,1,0.260944921,0,0,250.8081955,0
0,1,1.098612289,19.2291236,17.56605065,5,0.866609541,0,0,256.6246741,0
1,5,0.0,23.26625599,23.26625599,4,0.0,0,0,143.5773534,0
0,1,1.098612289,32.77535313,19.90691307,5,0.37975298,0,0,6.117112183,0
0,1,0.693147181,38.9431896,18.68354086,7,0.216881225,0,0,13.64975012,0
0,4,0.0,59.28385048,26.41752225,6,1.001971577,0,1,577.6916904,1
0,1,0.0,48.84599589,48.84599589,7,0.0,0,0,184.8882838,0
0,2,0.0,37.70020534,37.70020534,1,0.0,0,0,6.010208045,1
0,5,1.945910149,43.66301477,19.24078295,7,0.485812615,0,0,70.80182444,0
1,1,0.693147181,24.46543463,20.39036045,6,0.443893517,0,0,116.2773621,1
0,3,1.386294361,45.44962139,23.33679269,6,0.360274959,0,0,104.0601688,1
0,1,0.0,21.56769016,21.56769016,1,0.0,0,0,187.1681908,1
0,6,0.0,29.51129363,29.51129363,4,0.0,0,0,32.91706039,0
0,1,1.386294361,19.11019849,16.89951299,3,0.96663328,0,0,260.449061,1
0,7,0.693147181,20.64826837,20.57457798,8,0.965073668,0,0,213.1706406,1
0,1,1.609437912,36.89902746,26.17822277,8,0.584186183,0,0,2.7238026260000003,0
0,7,1.098612289,18.54850071,17.43672165,4,0.973174583,0,0,278.8944109,1
0,1,0.0,18.75427789,18.75427789,5,0.0,0,0,272.0637429,1
0,7,0.0,34.79748834,34.79748834,1,0.0,0,0,0.20353130100000005,0
0,1,0.693147181,47.90965092,47.90965092,1,1.0,0,0,160.3013806,0
1,1,1.386294361,41.15712925,29.16906229,7,0.480605092,0,0,34.91033061,1
0,7,1.386294361,23.14852841,14.45345628,1,0.556269317,0,0,146.4125257,1
0,7,0.0,26.73547421,26.73547421,5,0.0,0,0,72.47386868,0
0,1,0.0,65.97672827,65.97672827,7,0.0,0,0,944.2158528,0
1,1,0.0,54.92384377,29.57887441,1,1.136032117,0,1,387.1139276,1
0,3,0.0,42.43942505,31.84152971,6,1.712181759,0,1,51.70749359,1
0,1,0.693147181,27.69609856,27.42231348,1,0.8860371290000001,0,0,57.040773,0
0,1,1.098612289,36.95868453,19.75085558,1,0.33142549600000004,0,0,2.92427702,0
0,1,0.0,18.83367556,18.83367556,8,0.0,0,0,269.4508202,1
0,1,1.791759469,33.62669164,16.02422947,7,0.518441534,0,0,2.630693049,0
0,1,0.693147181,20.7063655,15.93410706,4,0.416223998,0,0,211.4775374,1
0,1,0.0,40.31883198,17.5417,7,0.76733372,1,0,25.70691997,1
0,1,2.197224577,39.15947981,15.75633128,5,0.572561394,0,0,15.29472453,0
0,1,1.098612289,27.30124721,18.19297443,7,0.4448120270000001,0,0,63.16093726,0
0,1,0.693147181,23.38096009,21.41632456,7,0.580783602,0,0,140.841655,1
0,1,0.693147181,60.55030801,45.28316393,8,0.247938713,0,0,640.1747697000002,0
1,6,0.0,22.58179329,22.58179329,8,0.0,0,0,160.4488224,0
0,1,0.0,33.66735113,20.20772695,1,1.533419409,0,1,2.500451637,1
0,3,1.098612289,47.31442946,39.08375364,6,0.465477024,0,0,145.5834496,0
0,1,0.693147181,49.00479124,20.96372348,1,0.185563993,0,0,189.2318957,0
0,1,1.945910149,18.33282258,14.15092827,7,1.076047269,0,0,286.1446343,1
0,6,0.0,43.69062286,43.69062286,4,0.0,0,0,71.26719665,0
1,1,1.609437912,19.49148487,14.41491409,4,0.811335941,0,0,248.28771,1
0,6,0.0,37.53858966,37.53858966,7,0.0,0,0,5.243902536,1
0,1,0.0,54.9616738,54.9616738,7,0.0,0,0,388.6039864,0
0,1,0.0,24.02464066,24.02464066,1,0.0,0,0,125.977999,0
1,1,0.0,43.78918549,16.25184349,4,1.091522515,0,1,72.9410407,1
0,1,0.0,35.58658453,35.58658453,7,0.0,0,0,0.114211391,0
0,3,0.0,25.01848049,21.25454277,4,2.671507642,0,1,104.6560157,1
0,1,2.197224577,31.4661191,23.07876306,4,0.923152284,0,0,14.30740971,1
0,1,0.0,21.43737166,21.43737166,7,0.0,0,0,190.7509334,0
1,1,0.0,22.36714674,22.36714674,4,0.0,0,0,165.9326824,0
0,1,1.386294361,20.70144796,15.05899245,5,0.672041821,0,0,211.6205861,1
0,1,1.791759469,31.11610401,17.79876797,7,0.590954294,0,0,17.07779395,1
0,6,0.0,25.90466201,25.90466201,4,0.0,0,0,87.30978953,0
0,1,1.098612289,51.10962991,38.99788717,7,0.390557325,0,0,251.5712303,1
1,1,0.0,49.70695186,49.70695186,7,0.0,0,0,209.0429908,0
0,7,0.693147181,37.50581793,35.48071897,5,0.57495017,0,0,5.094884846,1
0,1,0.0,18.55868542,18.55868542,8,0.0,0,0,278.55434269999995,1
0,1,1.098612289,33.00205339,18.42299795,1,0.35829804299999995,0,0,5.047118933,1
1,1,0.0,19.54277892,19.54277892,8,0.0,0,0,246.6738453,0
0,1,0.0,52.87153827,27.25980978,5,0.7253163640000001,1,0,310.566798,1
0,1,1.098612289,22.02053388,16.25684184,7,0.543779818,0,0,174.9826003,1
0,1,0.0,26.39823142,26.39823142,2,0.0,0,0,78.32960403,0
0,6,0.0,28.20076977,28.20076977,8,0.0,0,0,49.67237295,0
0,1,1.609437912,24.18897879,18.44655303,7,0.770232623,0,0,122.3159463,0
0,1,1.098612289,49.09373625,37.68651608,1,0.401492793,0,0,191.6868902,1
0,7,0.0,25.68822281,25.68822281,4,0.0,0,0,91.40143875,0
0,7,0.693147181,28.66576229,16.91991786,7,0.280101667,0,0,43.33418381,1
0,1,0.693147181,54.32448276,54.05867813,1,0.8888258179999999,0,0,363.8880525,0
0,1,1.098612289,24.46746495,16.57774073,7,0.474319363,0,0,116.23357959999998,1
1,1,0.0,24.59685147,24.59685147,4,0.0,0,0,113.4604449,0
0,1,0.0,47.29909248,18.89117043,4,1.075244647,0,1,145.2135793,1
0,1,1.098612289,25.98715774,16.72826831,8,0.441534683,0,0,85.77491984,0
0,6,0.0,28.01281615,28.01281615,1,0.0,0,0,52.35704217,0
0,1,0.0,49.70753429,18.81451061,4,1.032503686,0,1,209.059833,1
0,1,0.0,27.23140952,27.23140952,8,0.0,0,0,64.27586872,1
1,6,0.0,30.76796715,30.76796715,7,0.0,0,0,20.07636446,0
0,7,2.302585093,24.61054073,19.39157636,1,1.202990563,0,0,113.1690024,1
0,1,0.0,47.09110179,47.09110179,4,0.0,0,0,140.24407250000002,0
0,1,0.693147181,26.02715051,15.43600274,4,0.293722204,0,0,85.03573509,1
0,1,1.609437912,34.27241615,17.6076926,4,0.475857121,0,0,0.952998889,0
0,6,0.0,47.4880219,47.4880219,8,0.0,0,0,149.80264630000005,0
0,1,2.079441542,44.87152115,36.29999534,5,0.855181766,0,0,92.59998081,0
0,7,2.197224577,22.92356247,15.93080662,7,1.000453067,0,0,151.90735800000004,1
0,1,0.0,20.21868719,20.21868719,1,0.0,0,0,225.8992641,0
0,7,0.0,47.61396304,47.61396304,8,0.0,0,0,152.9013926,0
0,1,1.098612289,49.48373067,43.94772112,5,0.553170051,0,0,202.6380121,1
0,1,0.693147181,18.0971937,17.311073999999998,5,0.748246545,0,0,294.1718622,1
0,7,0.693147181,26.30629664,19.90276551,8,0.367519635,0,0,79.96537543,0
0,1,0.0,21.7522245,21.7522245,5,0.0,0,0,182.1530362,0
0,6,0.0,56.95550992,56.95550992,4,0.0,0,0,471.1885157,1
0,4,1.609437912,32.83748713,26.16399533,1,0.721993818,0,0,5.81362329,1
1,1,0.0,31.81385932,31.81385932,1,0.0,0,0,11.79766865,0
1,2,0.0,22.27789185,22.27789185,4,0.0,0,0,168.24012,0
0,1,0.0,60.76256731,60.76256731,7,0.0,0,0,650.9608552999998,0
0,1,0.0,24.38681807,24.38681807,8,0.0,0,0,117.9790186,0
0,6,0.0,18.87748118,18.87748118,4,0.0,0,0,268.0146046,0
0,1,0.693147181,64.96358278,62.75427789,7,0.558206014,0,0,882.9782539999999,0
0,1,1.609437912,21.00197629,14.88843258,5,0.7498717509999999,0,0,202.9672209,0
0,1,0.0,39.62491444,15.91186342,4,1.172941293,0,1,19.15184125,1
0,1,0.0,36.16222549,15.14552995,4,1.242691679,0,1,0.834651645,1
0,1,0.693147181,29.72878771,27.08555784,7,0.52391003,0,0,30.46868953,0
0,1,1.609437912,25.34428474,18.36866755,5,0.7081868290000001,0,0,98.09611003,1
0,4,0.0,30.6091718,30.6091718,6,0.0,0,0,21.52459812,0
0,3,0.0,20.94198187,20.94198187,6,0.0,0,0,204.6802601,1
0,1,1.609437912,25.77752019,15.36632225,7,0.592058167,0,0,89.70197365,0
0,1,0.693147181,56.21176088,53.34274029,7,0.508392904,0,0,439.4527398,0
0,1,0.0,52.69267625,52.69267625,1,0.0,0,0,304.2946528,0
1,1,0.0,42.78882520000001,42.78882520000001,8,0.0,0,0,56.85450177,0
0,1,0.0,39.21759066,19.76461711,1,1.289321516,0,1,15.75262671,1
0,1,1.098612289,36.92120747,16.36065512,7,0.304568551,0,0,2.797506132,1
0,1,0.0,23.80094133,23.80094133,1,0.0,0,0,131.0496395,1
0,1,0.0,31.90143737,13.59379268,4,1.327011876,0,1,11.20371706,1
1,1,1.098612289,51.94095099,48.74743326,4,0.6905986999999999,0,0,278.6334875,1
0,3,2.079441542,42.02328796,37.54760074,7,1.130653949,0,0,45.89595285,1
0,1,0.0,20.1888264,20.1888264,1,0.0,0,0,226.797768,0
0,3,1.791759469,31.67693361,26.78545124,6,0.92123984,0,0,12.75703493,0
0,1,1.386294361,76.55578371,56.16057219,4,0.374457329,0,0,1706.280719,0
0,1,0.0,20.3879501,20.3879501,4,0.0,0,0,220.8398896,1
0,1,0.693147181,29.24029574,27.41233532,7,0.594652619,0,0,36.10011384,0
0,1,0.0,25.217610500000006,16.99967025,4,1.232386901,1,0,100.6214079,1
1,7,1.609437912,40.14777277,28.83504449,6,0.569971116,0,0,24.00157272,0
0,1,0.0,21.92429462,21.92429462,7,0.0,0,0,177.5379871,0
0,7,0.693147181,50.58726899,43.94703998,8,0.36178188,0,0,235.2737611,1
1,6,0.0,29.14715948,29.14715948,8,0.0,0,0,37.22797635,0
0,1,1.386294361,56.71457906,36.93086927,8,0.379926068,0,0,460.7868498,1
0,1,0.0,19.6599332,19.6599332,8,0.0,0,0,243.0075543,1
0,7,0.0,27.88227242,27.88227242,4,0.0,0,0,54.26326491,0
1,1,0.0,26.42690119,26.42690119,5,0.0,0,0,77.82294812,0
0,1,0.0,52.64288625,52.64288625,8,0.0,0,0,302.5600539,0
1,1,0.0,23.85550283,23.85550283,7,0.0,0,0,129.80341,0
0,5,0.0,37.26488706,19.79484546,7,0.8706228890000001,1,0,4.065281364,1
0,6,0.0,24.80497573,24.80497573,1,0.0,0,0,109.0699725,1
0,1,0.0,23.37577002,23.37577002,4,0.0,0,0,140.9648699,0
0,1,0.693147181,18.35728953,11.7197696,5,0.361846038,0,0,285.3174766,0
0,1,0.0,21.07727248,21.07727248,8,0.0,0,0,200.8274526,0
0,1,1.386294361,20.7123498,17.82773402,4,0.8787930070000001,0,0,211.3035227,1
0,1,1.098612289,25.76865161,22.22420995,4,0.663398877,0,0,89.87004288,0
0,1,0.0,29.40707155,15.51251936,4,1.5108652530000002,0,1,34.12383758,1
0,1,0.0,37.59890486,17.65760625,4,0.817640157,1,0,5.523778881,1
0,1,0.0,57.71115674,57.71115674,8,0.0,0,0,504.5649831,0
0,1,0.693147181,44.46817248,34.06905573,7,0.296185913,0,0,84.99991249,0
0,1,0.0,45.73027268,18.8496514,7,0.708619002,1,0,109.8647751,1
0,1,1.609437912,45.80644523,19.09650924,1,0.379937564,0,0,111.4674039,1
0,7,0.0,35.75085558,29.27583847,2,1.368541344,1,0,0.25222774600000003,1
0,1,0.0,25.28134291,11.69062286,4,1.52651507,0,1,99.34686722,1
0,1,2.397895273,46.58375675,20.80766598,8,0.611119883,0,0,128.4850356,0
0,1,1.791759469,21.67396694,14.61188661,4,0.7875197279999999,0,0,184.2715526,1
1,1,0.0,58.61993726,58.61993726,7,0.0,0,0,546.2178733,0
0,1,0.0,18.0559721,18.0559721,7,0.0,0,0,295.5875812,1
1,1,0.0,44.0164271,44.0164271,4,0.0,0,0,76.87421744,0
0,1,2.197224577,26.8293247,16.65863488,7,0.846262306,0,0,70.88474851,0
0,1,1.791759469,18.77891855,14.21930362,8,0.948336893,0,0,271.2514866,0
0,1,0.0,36.56086765,15.75085558,4,0.801191005,1,0,1.721960376,1
0,1,0.0,33.33333333,15.50064545,1,0.862199692,1,0,3.668371944,1
0,5,0.693147181,19.20425035,17.49711062,1,0.607777562,0,0,257.42220719999995,1
0,1,0.693147181,21.44010951,18.56703067,5,0.508126483,0,0,190.6753146,1
0,1,0.0,61.65092402,61.65092402,8,0.0,0,0,697.0809833,0
1,1,0.0,61.53154628,61.53154628,4,0.0,0,0,690.7915426,0
0,1,0.693147181,20.6954141,18.6302742,8,0.571182442,0,0,211.7961737,0
1,1,0.0,32.98667047,32.98667047,7,0.0,0,0,5.116473463999999,0
0,1,0.0,45.75732068,45.75732068,5,0.0,0,0,110.4325215,0
0,1,0.0,54.57940702,54.57940702,8,0.0,0,0,373.678833,0
0,1,0.0,28.74646263,13.53033063,4,0.929159737,1,0,42.27821661,1
0,1,0.0,30.43104523,30.43104523,8,0.0,0,0,23.20914972,0
0,1,0.0,32.09464414,15.29089665,1,0.8867645120000001,1,0,9.94764428,1
1,1,0.0,59.67693361,59.67693361,5,0.0,0,0,596.7418816,0
0,1,2.397895273,24.23819302,12.93360712,1,0.901501594,0,0,121.2297836,0
0,1,0.693147181,29.2857543,27.69846741,7,0.621695474,0,0,35.55591965,0
0,1,0.0,55.49623546,55.49623546,7,0.0,0,0,409.9654144,0
0,7,0.0,19.85846478,19.85846478,4,0.0,0,0,236.857271,0
0,1,0.693147181,34.5601606,30.63586936,7,0.450638336,0,0,0.47399394,0
0,1,2.079441542,28.26060924,13.94820265,2,0.6761254659999999,0,0,48.83247297,1
0,1,0.0,63.20876112,63.20876112,8,0.0,0,0,781.7687772999999,1
0,1,1.098612289,22.39629753,19.0261614,7,0.676499555,0,0,165.1825211,0
0,6,0.693147181,62.00136893,45.42094456,7,0.238498319,0,0,715.7088916,1
0,1,1.609437912,34.94045175,27.36001404,8,0.6827713259999999,0,0,0.094975546,1
0,1,0.693147181,42.2477755,22.19852574,8,0.217962454,0,0,48.98799886,0
0,7,0.0,40.21252719,40.21252719,7,0.0,0,0,24.64024777,0
0,1,1.098612289,51.41392299,43.72916961,7,0.479883981,0,0,261.3166076,0
0,5,0.693147181,40.16551804,22.30527036,1,0.230264138,0,0,24.1757607,0
0,1,0.0,57.25285215,28.48733744,4,1.068766322,0,1,484.1856704,1
0,1,0.693147181,22.80747877,19.60219152,4,0.487643193,0,0,154.782313,1
0,1,1.386294361,34.90708283,19.7492823,8,0.430893067,0,0,0.116656366,0
0,4,1.386294361,30.91307324,19.119826100000004,6,0.4842506720000001,0,0,18.79707649,1
1,1,0.0,40.57768652,40.57768652,1,0.0,0,0,28.398813800000006,0
0,1,0.0,47.52361396,47.52361396,7,0.0,0,0,150.6751632,0
0,1,0.0,31.18838898,31.18838898,8,0.0,0,0,16.48557968,0
0,1,0.0,66.10140404,66.10140404,8,0.0,0,0,951.8934946,0
0,1,0.0,25.73853525,25.73853525,5,0.0,0,0,90.4419549,0
0,1,1.945910149,27.93296509,19.54227238,1,0.7993312840000001,0,0,53.51899371,0
0,1,1.098612289,55.66530804,53.09747173,7,0.74870811,0,0,416.840629,1
0,7,0.0,22.21100385,22.21100385,4,0.0,0,0,169.979768,0
0,1,0.0,52.89256857,52.89256857,8,0.0,0,0,311.3084705,0
0,1,0.0,19.21697467,19.21697467,4,0.0,0,0,257.0140614,0
0,1,0.693147181,20.96919918,19.97044148,4,0.707326493,0,0,203.9022238,0
0,1,0.693147181,23.23887748,22.68668118,5,0.802650865,0,0,144.23422219999995,1
0,5,0.0,26.08600641,26.08600641,5,0.0,0,0,83.9537218,0
0,1,0.0,18.19467624,18.19467624,4,0.0,0,0,290.8374333,1
0,1,1.386294361,23.20833514,17.24649039,4,0.656445174,0,0,144.96876709999995,1
0,4,0.693147181,59.98555657,30.9802273,8,0.182557972,0,0,611.9153989,0
0,1,0.0,33.78055609,33.78055609,8,0.0,0,0,2.155249135,0
1,1,0.0,25.47022587,25.47022587,4,0.0,0,0,95.61724151,0
0,1,0.0,71.92881588,71.92881588,4,0.0,0,0,1345.435833,0
0,1,2.302585093,24.82188018,16.31573104,7,0.973013673,0,0,108.7171696,1
0,6,0.0,29.66735113,29.66735113,8,0.0,0,0,31.15070479,0
1,1,0.0,20.43258042,20.43258042,1,0.0,0,0,219.5154072,0
0,6,0.0,26.69678303,26.69678303,4,0.0,0,0,73.13413411,0
0,1,0.0,40.05996498,40.05996498,1,0.0,0,0,23.14891765,0
0,1,0.0,60.15284813,60.15284813,8,0.0,0,0,620.2199423,1
0,1,0.693147181,50.55715264,26.20668923,5,0.198612715,0,0,234.3507804,0
0,1,0.0,26.47227926,26.47227926,7,0.0,0,0,77.02438097,1
0,1,1.609437912,39.31399061,24.75227631,8,0.506992199,0,0,16.52713432,1
0,6,0.693147181,37.41273101,35.36502947,7,0.57281421,0,0,4.6833211630000005,0
0,1,0.693147181,54.84837244,31.883011,8,0.204271608,0,0,384.1497949,0
0,4,0.0,31.60301164,31.60301164,6,0.0,0,0,13.29055348,1
0,1,1.098612289,33.47489426,17.80419541,7,0.346368265,0,0,3.146148324,0
0,1,0.0,20.29295003,20.29295003,8,0.0,0,0,223.6724462,0
0,1,0.0,20.57917652,13.63374236,1,1.327410355,1,0,215.1929467,1
0,1,0.0,36.49046426,19.67990614,1,1.381658439,0,1,1.5421454469999998,0
0,1,0.0,21.85082782,21.85082782,7,0.0,0,0,179.50117759999995,1
0,1,0.0,39.24338495,14.16837782,4,1.141897811,0,1,15.95804498,1
0,1,0.0,38.24229979,38.24229979,4,0.0,0,0,8.962042236,0
0,1,1.098612289,32.50667408,32.10556506,8,1.194755486,0,0,7.518337465,0
0,1,0.0,25.81948497,25.81948497,7,0.0,0,0,88.90882823,1
0,1,1.609437912,28.49887073,20.36339623,6,0.661705037,0,0,45.55928762,0
0,1,0.693147181,40.86032303,29.34968312,8,0.282722412,0,0,31.49106752,0
0,1,1.791759469,25.61258518,19.73455358,8,0.852614902,0,0,92.85341326,1
0,1,0.0,18.83346696,18.83346696,7,0.0,0,0,269.45766860000003,1
0,1,2.197224577,35.84442908,19.14257662,5,0.672257468,0,0,0.354973234,1
0,1,0.0,34.50949001,16.7001065,1,1.3444732869999998,0,1,0.546332021,1
0,1,1.791759469,48.82011135,34.54072553,4,0.5720474489999999,0,0,184.1850308,1
0,1,1.098612289,39.07072601,36.68516132,7,0.7685983359999999,0,0,14.60839668,1
0,6,1.791759469,39.75359343,17.90184501,7,0.467762374,0,0,20.29467051,0
1,1,0.0,36.10355509,36.10355509,1,0.0,0,0,0.7308921620000001,0
0,6,0.0,56.22724162,56.22724162,8,0.0,0,0,440.102029,1
0,4,1.386294361,46.32700183,35.57572544,7,0.50526371,0,0,122.730261,0
0,1,1.386294361,22.50513347,20.62165681,8,1.02000525,0,0,162.39677450000005,1
0,1,1.098612289,21.63557181,19.38613282,1,0.784532255,0,0,185.3154287,1
0,1,0.0,49.51945788,49.51945788,7,0.0,0,0,203.6564492,0
0,4,1.609437912,47.60027379,24.56673511,7,0.407963337,0,0,152.56303569999997,1
1,6,0.0,29.63460193,29.21560575,8,0.0,0,0,31.51734226,0
0,1,0.0,28.65693063,28.65693063,4,0.0,0,0,43.45053716,1
1,7,2.079441542,48.02388493,32.84052019,4,0.65767996,0,0,163.2070676,1
0,1,1.945910149,25.93795168,21.04601956,8,1.009129165,0,0,86.68878238,0
0,1,0.0,35.96167009,15.70431211,4,1.264692128,0,1,0.508422214,1
0,1,1.609437912,40.73769533,26.00638879,7,0.504251965,0,0,30.1298077,1
0,1,0.0,40.83778234,40.83778234,4,0.0,0,0,31.23859289,0
0,1,0.0,35.02444492,35.02444492,5,0.0,0,0,0.050260194,1
0,1,0.0,27.06091718,15.72733579,4,1.660331688,0,1,67.03868663,1
0,1,1.098612289,23.53328786,18.24503765,5,0.5639623229999999,0,0,137.2493064,1
0,1,0.693147181,45.64916233,40.75366926,1,0.411850819,0,0,108.171015,0
0,2,0.0,31.16236739,17.30378239,7,1.5126927730000002,0,1,16.69756482,1
0,3,1.098612289,35.4400885,31.13248007,3,0.613854664,0,0,0.036655297,1
0,1,0.693147181,50.70773443,23.20429022,1,0.187305845,0,0,238.98382400000003,0
0,6,0.0,34.41478439,34.41478439,7,0.0,0,0,0.6953031190000001,0
0,7,1.386294361,22.29493532,19.95877969,4,0.948281933,0,0,167.79827759999995,1
0,5,1.609437912,30.48154388,18.53798768,1,0.555908339,0,0,22.72513656,0
0,1,1.386294361,57.79329227,30.40999316,7,0.325109148,0,0,508.2616716,1
0,1,0.0,45.97941371,45.97941371,7,0.0,0,0,115.1496595,1
0,6,2.302585093,51.42116970000001,27.74065404,5,0.6038709529999999,0,0,261.5509507,0
0,1,1.386294361,24.93086927,16.76993434,6,0.5722564920000001,0,0,106.4562438,0
0,1,0.0,59.06913073,59.06913073,5,0.0,0,0,567.4161230000002,0
0,1,0.0,35.79971896,35.79971896,7,0.0,0,0,0.303695984,1
0,1,1.098612289,22.3694184,13.379876800000002,7,0.447447636,0,0,165.8741629,1
0,1,0.0,53.24885153,53.24885153,1,0.0,0,0,324.0078752,0
0,1,0.0,20.91718001,20.91718001,7,0.0,0,0,205.3905382,0
1,1,0.693147181,56.54173923,43.67815439,7,0.268572924,0,0,453.3963827,0
0,1,0.0,39.42275008,39.42275008,7,0.0,0,0,17.42325531,1
1,1,0.0,38.70416239,38.70416239,4,0.0,0,0,11.94068493,0
0,6,0.0,41.94661191,41.94661191,5,0.0,0,0,44.86292451,0
0,2,2.079441542,26.85010267,15.47305838,6,0.7520393190000001,0,0,70.5353079,0
0,7,0.0,32.42026326,32.42026326,6,0.0,0,0,7.999674076,0
0,1,1.098612289,41.18864866,29.79446545,7,0.401703894,0,0,35.28378876,0
0,1,0.0,42.35379677,42.35379677,4,0.0,0,0,50.48335545,0
1,1,0.0,19.3180284,19.3180284,8,0.0,0,0,253.7841557,0
0,1,1.945910149,49.89291077,21.66461328,7,0.453078929,0,0,214.4548781,0
1,6,0.0,26.09359257,26.09359257,4,0.0,0,0,83.81476105,1
0,1,1.609437912,39.80413137,17.05282224,1,0.410380031,0,0,20.75256743,1
0,1,1.609437912,41.80150582,33.46939317,1,0.654696485,0,0,42.94014514,0
0,1,0.0,22.55103398,22.55103398,7,0.0,0,0,161.22901509999997,0
0,1,0.0,30.09425685,14.1087173,7,1.414815422,0,1,26.56759115,1
0,7,1.098612289,19.8851117,19.34515644,4,1.13962232,0,0,236.0377797,0
0,5,1.098612289,30.25598905,18.86585596,1,0.401769544,0,0,24.92649136,0
0,4,1.609437912,48.52625678,33.85787034,1,0.505263421,0,0,176.2952993,0
0,1,0.0,33.66024866,33.66024866,7,0.0,0,0,2.522964102,0
0,1,2.397895273,27.35112936,15.315537300000004,1,0.875859852,0,0,62.37056010000001,1
0,1,0.0,48.85167798,22.04517454,7,0.7095627809999999,1,0,185.0428389,0
0,1,2.079441542,26.82937156,16.26753673,7,0.7781004020000001,0,0,70.88395934,1
0,1,1.098612289,31.83993143,23.32663092,5,0.45851061,0,0,11.61924487,0
0,1,0.693147181,33.84831451,18.73624937,4,0.249129063,0,0,1.960891236,0
0,1,0.0,18.73401929,18.73401929,5,0.0,0,0,272.73245860000003,0
0,1,0.693147181,29.53167139,27.85688081,7,0.611441776,0,0,32.68364748,0
0,2,0.0,33.92197125,33.92197125,8,0.0,0,0,1.76003079,0
1,1,0.0,53.0949576,53.0949576,7,0.0,0,0,318.4913099,0
0,1,0.0,20.08487337,20.08487337,7,0.0,0,0,229.9395991,0
0,1,1.386294361,30.48870637,18.95335704,1,0.489206712,0,0,22.65689941,0
0,1,0.0,38.20670773,38.20670773,6,0.0,0,0,8.750207477,0
0,1,0.0,19.10746064,19.10746064,4,0.0,0,0,260.5374377,0
0,1,0.0,26.23134839,26.23134839,7,0.0,0,0,81.31141762,0
0,1,0.0,20.77207392,20.77207392,7,0.0,0,0,209.5707562,1
1,7,0.0,24.22176591,24.22176591,4,0.0,0,0,121.5917927,0
0,7,0.0,20.46958923,20.46958923,1,0.0,0,0,218.4201281,0
0,1,1.386294361,18.28884326,13.45000412,5,0.7167989690000001,0,0,287.6344604,0
0,1,0.0,40.45241346,16.11772758,7,0.7433720979999999,1,0,27.07933344,1
0,2,0.0,26.73511294,26.73511294,4,0.0,0,0,72.48002001,0
0,7,0.0,38.42597251,23.20602327,1,1.447820472,0,1,10.09548779,1
0,1,0.0,38.14373717,19.17590691,4,1.304890353,0,1,8.381629448,1
0,1,0.0,18.65571526,18.65571526,5,0.0,0,0,275.32491150000004,1
0,1,0.0,38.11070462,38.11070462,5,0.0,0,0,8.191455236,0
0,1,1.098612289,23.7182319,15.48926503,1,0.465520118,0,0,132.9501443,0
0,4,0.0,33.4245038,33.4245038,8,0.0,0,0,3.327446524,0
0,1,1.098612289,48.6114446,35.44504424,7,0.375738106,0,0,178.5647398,0
0,1,0.0,30.33538672,15.55916863,1,0.942025301,1,0,24.13998676,1
0,7,0.0,22.52703628,22.52703628,4,0.0,0,0,161.83901740000005,0
1,1,0.0,19.01711157,19.01711157,4,0.0,0,0,263.4622806,0
0,3,0.0,45.09355594,45.09355594,7,0.0,0,0,96.92251221,0
0,1,0.0,41.73305955,41.73305955,8,0.0,0,0,42.0477906,1
0,7,1.945910149,43.55646817,41.70841889,6,1.4514493169999998,0,0,69.02012902,1
0,4,0.0,48.85147159,15.13327341,5,0.989602695,0,1,185.037224,0
0,1,0.693147181,34.13502713,30.9546919,7,0.489096376,0,0,1.240117539,0
0,1,1.791759469,41.39908114,17.99717738,7,0.4526610720000001,0,0,37.82801512,1
0,6,0.0,26.83609897,26.83609897,7,0.0,0,0,70.77072491,1
1,7,0.0,20.72826831,20.72826831,6,0.0,0,0,210.8409842,0
0,1,1.386294361,40.50641506,14.87988022,4,0.335662869,0,0,27.64427461,0
0,1,1.098612289,41.21560575,29.44843911,1,0.395792659,0,0,35.6047665,0
0,1,1.098612289,39.07328079,37.11588492,7,0.82235676,0,0,14.62793249,1
0,1,1.609437912,38.53269983,19.92799947,1,0.451699793,0,0,10.7850964,0
0,1,2.079441542,48.99931554,26.37627034,8,0.544353575,0,0,189.0812765,1
0,1,2.397895273,48.56691944,18.66412946,6,0.568854443,0,0,177.37675980000003,0
0,1,1.098612289,42.15443487,28.96972564,1,0.3754955370000001,0,0,47.69010267,0
0,1,0.0,26.39177707,13.77863725,4,1.014109533,1,0,78.44389298,1
0,1,2.197224577,22.06487686,14.26409705,4,0.953420347,0,0,173.81142,1
0,1,0.693147181,27.70978782,26.67616726,4,0.7012373479999999,0,0,56.83418328,0
0,7,0.0,19.18872585,19.18872585,5,0.0,0,0,257.9206103,0
0,1,1.098612289,26.25738285,13.83983573,5,0.386081003,0,0,80.84257519,1
0,1,2.079441542,33.20830402,19.21304545,1,0.6832380440000001,0,0,4.162941413,1
0,1,0.693147181,20.04928131,17.87816564,3,0.5615571460000001,0,0,231.0202848,1
0,6,0.0,36.84599589,16.65434634,4,0.812796147,1,0,2.551568938,0
0,6,0.693147181,29.11156742,20.83490449,7,0.32832512,0,0,37.66357115,1
0,1,0.0,26.67214237,26.67214237,8,0.0,0,0,73.55618766,0
0,1,1.386294361,36.10962535,34.02432289,5,0.986079101,0,0,0.7413082209999999,1
0,1,0.0,19.05521681,19.05521681,7,0.0,0,0,262.2267206,1
0,1,1.386294361,48.67297291,23.95619439,4,0.341548471,0,0,180.2129082,1
0,1,2.197224577,53.50855578,27.08746565,1,0.540135392,0,0,333.4247883999999,0
0,1,2.397895273,35.11916708,17.68651608,8,0.736556557,0,0,0.016761366,1
1,1,0.0,23.8071468,23.8071468,7,0.0,0,0,130.90760120000002,0
0,1,1.386294361,49.79329227,32.22285896,4,0.401929246,0,0,211.5471198,1
0,6,0.0,33.01574264,33.01574264,6,0.0,0,0,4.985798337,0
0,7,0.0,32.44900753,32.44900753,6,0.0,0,0,7.837901507000001,0
0,1,0.0,43.01955665,43.01955665,5,0.0,0,0,60.38725793,0
1,7,0.0,25.46475017,25.46475017,4,0.0,0,0,95.72435877,0
1,5,0.0,49.31861463,49.31861463,8,0.0,0,0,197.9643894,0
1,3,0.0,49.3853525,21.92637019,4,1.093024195,0,1,199.8468446,1
0,1,1.386294361,36.40674966,21.71937029,8,0.437305992,0,0,1.341234719,1
1,1,0.0,55.2881588,55.2881588,4,0.0,0,0,401.5826032,0
0,6,0.0,31.67331597,31.67331597,4,0.0,0,0,12.78289025,1
0,4,2.397895273,39.80871327,15.09924709,7,0.623668013,0,0,20.79433417,0
0,4,0.0,33.45379877,33.45379877,4,0.0,0,0,3.2214291060000004,1
0,1,0.0,68.15331964,68.15331964,4,0.0,0,0,1082.718418,0
1,1,0.0,34.45435049,34.45435049,1,0.0,0,0,0.630884346,0
1,1,0.0,33.13031536,33.13031536,4,0.0,0,0,4.487268663,1
0,1,0.0,21.96303901,21.96303901,8,0.0,0,0,176.5070015,0
0,1,0.0,37.55904204,37.55904204,4,0.0,0,0,5.337990969,0
0,7,0.0,30.09672564,30.09672564,4,0.0,0,0,26.54214713,0
0,4,0.0,44.97684041,26.02254538,5,1.305332839,0,1,94.63802388,1
0,6,0.0,27.35500149,27.35500149,4,0.0,0,0,62.30941484,0
0,1,1.791759469,35.0224506,17.97125257,4,0.526298324,0,0,0.051158376,1
1,1,0.0,45.44388464,45.44388464,4,0.0,0,0,103.9431607,0
0,1,0.0,22.24648795,22.24648795,1,0.0,0,0,169.0557701,0
0,1,0.0,44.68720055,15.08207918,4,1.054004355,0,1,89.08656163,1
0,6,0.0,18.97563373,18.97563373,6,0.0,0,0,264.81049790000003,0
0,1,0.693147181,33.40041847,17.09021282,8,0.240352634,0,0,3.415896099,0
1,7,0.0,25.07049966,25.07049966,4,0.0,0,0,103.5943937,0
0,1,0.693147181,28.73100616,19.58039414,1,0.313872947,0,0,42.47945666,0
0,1,0.0,27.10746064,27.10746064,4,0.0,0,0,66.27868364,1
0,7,0.0,34.41478439,34.41478439,4,0.0,0,0,0.6953031190000001,0
0,1,0.0,53.89185489,53.89185489,1,0.0,0,0,347.569731,0
1,1,0.0,49.2128679,49.2128679,7,0.0,0,0,194.9998626,1
0,7,0.0,50.09719370000001,50.09719370000001,7,0.0,0,0,220.4797617,0
0,1,0.0,19.399037,19.399037,4,0.0,0,0,251.2096862,0
0,3,0.0,37.05695734,37.05695734,7,0.0,0,0,3.270037745,0
0,1,1.386294361,30.7290756,20.72041071,4,0.522027403,0,0,20.42639708,0
0,1,0.693147181,38.16248637,24.52928553,7,0.261414897,0,0,8.490542808999999,0
0,1,2.197224577,23.3748285,14.79982065,7,0.914061515,0,0,140.98722780000003,1
0,4,0.693147181,35.42792383,27.24243783,7,0.32995060600000004,0,0,0.032145282000000004,1
0,1,1.945910149,55.75565962,37.00846918,7,0.551217463,0,0,420.5381501,0
0,1,0.0,24.21355236,24.21355236,7,0.0,0,0,121.7729997,1
0,4,0.0,23.33205428,23.33205428,7,0.0,0,0,142.0048431,0
1,1,0.0,60.183436,60.183436,4,0.0,0,0,621.7444121,0
0,1,0.0,49.43533032,49.43533032,1,0.0,0,0,201.2623872,0
0,5,2.197224577,47.45790554,20.21665355,8,0.532234497,0,0,149.0663416,0
0,1,0.0,19.32761579,19.32761579,1,0.0,0,0,253.4787818,0
0,1,0.693147181,48.0,36.93086927,7,0.287847197,0,0,162.59736619999995,1
0,6,1.386294361,42.65297741,29.67023513,3,0.4631956270000001,0,0,54.82431954,0
0,1,0.0,38.31348392,38.31348392,7,0.0,0,0,9.393312522999999,0
0,5,0.693147181,33.15811088,31.3605354,5,0.59787321,0,0,4.370281773,1
1,7,0.0,18.37919233,18.37919233,6,0.0,0,0,284.5780207,1
0,6,0.0,52.99931554,52.99931554,1,0.0,0,0,315.0867386000001,0
0,2,0.0,25.41283631,25.41283631,1,0.0,0,0,96.74289215,1
1,2,0.693147181,26.91581109,19.90235325,4,0.35325638600000003,0,0,69.43591723,1
0,1,0.0,38.45490725,14.66477929,1,0.7514924709999999,1,0,10.28019601,0
0,6,0.0,22.41350033,22.41350033,7,0.0,0,0,164.7406248,0
0,1,1.098612289,24.31227083,17.83162218,5,0.517065271,0,0,119.6040125,1
0,4,0.0,44.3833198,18.34772188,5,1.12142819,0,1,83.44250713,1
0,1,0.0,24.11498973,24.11498973,5,0.0,0,0,123.9580073,0
1,1,1.791759469,39.69791711,36.22749008,8,1.057573347,0,0,19.79613111,0
0,6,0.693147181,35.88767257,28.856481800000005,7,0.352866174,0,0,0.408371866,0
0,1,1.791759469,31.50444901,19.22245038,7,0.613554699,0,0,14.01891207,1
1,1,1.791759469,57.86173854,26.03696099,4,0.390287019,0,0,511.3525522,0
0,1,1.386294361,38.65132323,35.65702344,4,0.86664313,0,0,11.57830235,0
1,1,0.0,24.73374401,24.73374401,5,0.0,0,0,110.5628857,0
1,1,1.791759469,29.18115513,18.85010267,4,0.664278012,0,0,36.814285,0
0,1,0.0,46.4888104,18.72416153,1,1.087201193,0,1,126.341593,0
0,6,0.0,50.28072994,50.28072994,7,0.0,0,0,225.9639451,0
0,2,0.0,39.99172738,39.99172738,1,0.0,0,0,22.49694646,0
0,1,1.945910149,32.58042437,15.53767869,7,0.576665954,0,0,7.119336099,0
0,4,0.0,47.87986162,47.87986162,7,0.0,0,0,159.54794209999997,1
0,1,0.693147181,30.17208498,16.45448323,5,0.260664253,0,0,25.77133748,0
0,1,0.693147181,42.00351003,18.91307324,8,0.203740638,0,0,45.6283667,0
0,1,0.693147181,41.40055714,19.45790554,7,0.208774857,0,0,37.84617342,0
0,1,0.0,46.57357974,46.57357974,1,0.0,0,0,128.25442379999998,0
0,7,1.098612289,47.44790006,46.29651868,7,0.964175952,0,0,148.8221224,1
0,1,0.693147181,20.91718001,18.33238751,7,0.528163018,0,0,205.3905382,1
0,1,0.0,36.97484999,36.97484999,4,0.0,0,0,2.979825875,0
0,1,1.791759469,55.97318091,30.17761097,1,0.431969917,0,0,429.5068956,0
0,1,1.098612289,26.01168406,15.64227891,7,0.419417094,0,0,85.32122146,0
0,1,0.693147181,26.11830076,19.34056211,1,0.358569485,0,0,83.36296271,0
0,1,2.079441542,30.58480182,25.77526387,4,1.097686248,0,0,21.75131913,1
0,1,1.098612289,39.01169753,18.97604381,7,0.308345057,0,0,14.16065637,0
0,1,0.0,37.52774514,37.52774514,7,0.0,0,0,5.194353177,0
0,1,1.945910149,49.37675352,19.43600274,6,0.440362371,0,0,199.6037959,1
0,1,0.0,26.0862423,26.0862423,6,0.0,0,0,83.94939918,0
1,1,0.0,19.78645246,19.78645246,4,0.0,0,0,239.0790202,0
0,1,1.386294361,36.73648186,28.42322471,1,0.5675574520000001,0,0,2.213694911,0
0,1,0.0,23.4054417,23.4054417,7,0.0,0,0,140.26117480000002,0
0,1,0.0,24.39151266,24.39151266,7,0.0,0,0,117.8770571,0
0,1,0.0,26.24067489,26.24067489,7,0.0,0,0,81.14330517,1
0,1,1.386294361,26.17012672,22.15766405,5,0.773633116,0,0,82.41927214,1
0,1,0.0,23.14852841,13.84489356,4,1.81653692,0,1,146.4125257,1
0,6,1.791759469,39.63039014,23.54551677,8,0.540977397,0,0,19.19979766,0
0,1,1.609437912,26.74880219,19.24946203,5,0.686020968,0,0,72.24711994,0
0,6,0.0,43.72347707,43.72347707,8,0.0,0,0,71.82298587,0
0,7,1.098612289,47.74584414,41.79039816,8,0.536231728,0,0,156.1802919,1
0,6,0.0,29.85078713,29.85078713,7,0.0,0,0,29.13673756,0
0,1,0.0,35.19233402,14.42847365,4,1.249889136,0,1,0.00316955,1
0,6,0.0,30.11362081,30.11362081,3,0.0,0,0,26.36834788,0
0,7,1.098612289,24.17522245,22.38543758,4,0.846700158,0,0,122.6204162,0
0,7,0.693147181,45.82888433,41.44177149,6,0.430845899,0,0,111.9417229,0
0,1,0.0,40.19824147,17.81519507,4,0.7737728229999999,1,0,24.49862625,1
0,1,0.0,23.6352408,23.6352408,5,0.0,0,0,134.87087319999998,0
0,2,1.609437912,43.15947981,23.315537300000006,4,0.43806652,0,0,62.58150082,1
0,6,0.0,20.65546214,20.65546214,4,0.0,0,0,212.9606292,0
0,2,0.0,27.67145791,27.67145791,5,0.0,0,0,57.41357897,1
1,7,0.0,35.39219713,35.39219713,8,0.0,0,0,0.020610723,0
0,1,0.0,21.58795346,21.58795346,7,0.0,0,0,186.6141594,1
0,1,0.693147181,45.07433553,29.6804828,1,0.24697869100000006,0,0,96.54443472,0
1,1,0.0,54.68856947,54.68856947,4,0.0,0,0,377.9111389,0
0,1,1.098612289,27.11293634,21.83163425,8,0.564274153,0,0,66.18955637,0
0,1,0.693147181,26.98472526,19.918092,1,0.352090124,0,0,68.29216731,1
0,1,1.945910149,41.50308008,19.43052704,7,0.509950238,0,0,39.11811114,1
0,1,0.0,25.24812359,12.2949397,5,1.560999628,0,1,100.0101839,1
1,1,0.0,25.29549392,25.29549392,7,0.0,0,0,99.06497298,0
0,1,2.197224577,38.50513347,14.44251689,8,0.5649783270000001,0,0,10.60479679,0
0,1,0.693147181,31.99122446,30.80629706,7,0.67652133,0,0,10.61070892,0
0,3,1.098612289,28.35511341,25.6056613,4,0.730350099,0,0,47.52060919,1
0,1,2.079441542,53.04899508,23.08281999,7,0.475450422,0,0,316.8528981,1
0,1,0.0,25.07871321,25.07871321,5,0.0,0,0,103.4272639,0
1,1,1.386294361,49.26508724,30.64476386,4,0.391027721,0,0,196.4609957,0
1,1,0.0,34.32340615,34.32340615,7,0.0,0,0,0.856044299,0
0,1,0.0,24.82683094,24.82683094,8,0.0,0,0,108.6139535,0
0,7,0.0,40.71719960000001,40.71719960000001,4,0.0,0,0,29.90522311,0
0,1,1.386294361,24.60836204,20.98404163,7,0.805446443,0,0,113.2153612,1
0,1,0.693147181,29.08661774,28.58590007,1,0.816301325,0,0,37.97042926,1
0,1,0.0,33.28709474,14.5899499,4,0.84306756,1,0,3.847631451,1
0,1,1.945910149,25.40924579,22.93528453,8,1.314205073,0,0,96.81353617,1
0,1,0.0,44.28221677,44.28221677,8,0.0,0,0,81.60563986,0
0,1,0.0,50.40478446,50.40478446,7,0.0,0,0,229.7089339,0
0,1,1.386294361,22.13288539,15.32135774,7,0.619715902,0,0,172.0228294,0
0,1,0.693147181,51.07460643,38.46708077,7,0.271088078,0,0,250.4614423,0
0,1,0.0,20.14510609,20.14510609,8,0.0,0,0,228.1165182,0
0,1,1.945910149,27.81382615,17.46748802,1,0.7271897759999999,0,0,55.27634957,1
1,1,0.0,26.96837522,26.96837522,7,0.0,0,0,68.56266506,1
0,1,0.693147181,21.36344969,20.18932742,7,0.678200362,0,0,192.7983092,1
0,2,0.0,35.38945927,35.38945927,7,0.0,0,0,0.019832104,0
0,4,0.0,44.98799015,15.36232103,4,1.053650713,0,1,94.85508214,1
0,1,1.386294361,48.25735797,20.07039632,4,0.320601968,0,0,169.2269314,0
0,1,1.098612289,20.55289106,18.92225093,7,0.871935334,0,0,215.9648244,1
0,1,0.0,38.70760381,17.27207757,1,0.7899432409999999,1,0,11.96448064,1
0,4,0.693147181,29.16367921,28.51645509,4,0.779154625,0,0,37.02665988,1
0,5,1.386294361,39.00068446,30.95339589,5,0.575839439,0,0,14.07789188,1
0,3,2.197224577,26.93531517,16.84472913,4,0.8493129490000001,0,0,69.11124957,1
0,3,0.0,17.92874398,16.08986941,4,2.2207052330000003,1,0,299.9785478,1
0,1,0.0,68.2468977,68.2468977,4,0.0,0,0,1088.885488,0
0,1,0.693147181,32.38329911,21.27048163,7,0.287327645,0,0,8.210136999,0
0,5,0.0,25.79189967,25.79189967,4,0.0,0,0,89.429801,1
1,1,2.079441542,35.41377915,20.45174538,7,0.662223986,0,0,0.027273327000000003,1
0,6,0.0,28.45457997,28.45457997,7,0.0,0,0,46.15915343,1
1,1,0.0,43.16769336,43.16769336,8,0.0,0,0,62.71152059,0
0,1,0.0,59.50171116,28.0109514,6,1.022962056,0,1,588.2118111000002,1
0,1,0.0,23.52635181,17.44714383,4,1.406279616,1,0,137.4118709,1
0,1,1.098612289,45.58795346,32.03272356,7,0.370685385,0,0,106.9015522,0
0,5,1.386294361,39.00216939999999,36.08487337,8,0.875119642,0,0,14.0890372,1
0,1,1.098612289,20.22302802,19.43372132,4,1.05723761,0,0,225.7687982,1
0,1,0.0,43.65745386,43.65745386,7,0.0,0,0,70.70827211,0
0,1,1.609437912,47.55638217,17.73672836,7,0.360260061,0,0,151.4806952,1
0,7,0.0,35.36755647,35.36755647,4,0.0,0,0,0.014142845,0
0,7,0.0,27.90691307,27.90691307,4,0.0,0,0,53.90084815,0
0,1,0.693147181,24.57131068,20.98876622,7,0.46713957,0,0,114.005207,0
0,1,0.693147181,33.84853687,23.14558949,4,0.29231585600000004,0,0,1.960268549,1
0,4,1.386294361,44.38467878,20.97741273,6,0.350591239,0,0,83.4673366,0
0,4,1.609437912,42.61190965,14.88376223,3,0.3731437620000001,0,0,54.21784638,1
0,1,0.0,19.41683778,19.41683778,4,0.0,0,0,250.6457326,0
1,4,0.0,27.19780972,27.19780972,6,0.0,0,0,64.81575184,0
0,1,0.0,30.03530474,30.03530474,7,0.0,0,0,27.17878913,0
0,1,2.079441542,57.53183981,33.58882003,8,0.529754317,0,0,496.5413159,0
0,1,1.098612289,44.67077344,24.83073985,7,0.309788856,0,0,88.7767348,0
0,1,1.609437912,39.35112936,23.75085558,4,0.490876646,0,0,16.83047827,0
0,1,1.791759469,24.18617385,13.7404918,8,0.660943237,0,0,122.3779973,0
0,1,0.0,46.9167449,46.9167449,8,0.0,0,0,136.1448407,0
0,1,0.0,23.30706327,23.30706327,5,0.0,0,0,142.6010821,0
0,6,1.098612289,46.96694429,43.75148408,4,0.688798989,0,0,137.3188247,0
1,2,0.0,35.71800137,35.71800137,4,0.0,0,0,0.220306879,0
1,1,0.693147181,40.84992075,39.92227758,8,0.720255658,0,0,31.37442698,1
0,6,0.0,35.99898265,35.99898265,6,0.0,0,0,0.563024944,0
0,6,0.0,54.30762897,54.30762897,8,0.0,0,0,363.2453361,0
0,1,2.079441542,51.91512663,28.58316222,7,0.536365004,0,0,277.7720173,1
0,1,1.098612289,25.42642026,16.93900636,8,0.459135712,0,0,96.47585865,1
0,2,0.0,37.07871321,17.4561068,4,1.284007859,0,1,3.349194406,1
1,2,0.693147181,19.70830428,18.33300973,4,0.648845452,0,0,241.5018098,1
1,1,0.693147181,61.12378001,37.01026694,7,0.199547488,0,0,669.5232445,0
0,1,0.0,43.71968889,19.10789645,7,0.7393397070000001,1,0,71.75879167,1
0,6,0.0,18.61809631,18.61809631,5,0.0,0,0,276.5747432,1
0,1,0.693147181,49.96303901,37.2359316,8,0.269904723,0,0,216.513751,0
0,1,1.609437912,41.25119781,16.684462699999994,8,0.395541776,0,0,36.03078702,0
0,1,0.0,45.3908282,45.3908282,8,0.0,0,0,102.8641281,0
0,1,1.945910149,22.11525027,13.74805201,4,0.8003330820000001,0,0,172.4857359,1
0,1,0.693147181,24.83504449,22.33802935,7,0.534750555,0,0,108.4428209,1
0,5,1.098612289,32.41889117,23.28791185,7,0.444313269,0,0,8.007437538,1
0,1,0.0,43.43788884,43.43788884,4,0.0,0,0,67.06391500000001,0
1,1,0.0,28.17522245,28.17522245,4,0.0,0,0,50.03313359,1
0,1,1.098612289,20.30116359,17.54140999,4,0.729348856,0,0,223.4268351,1
1,1,0.0,40.56125941,40.56125941,1,0.0,0,0,28.2240018,0
0,1,2.302585093,40.55359165,17.24277898,1,0.608445266,0,0,28.14258874,1
0,1,1.945910149,29.17149435,15.10303255,4,0.6310171520000001,0,0,36.93161145,0
1,1,0.0,20.99057216,20.99057216,4,0.0,0,0,203.2922924,0
0,1,1.386294361,35.33935508,18.28386053,7,0.407620421,0,0,0.008230538,0
0,1,0.693147181,32.23624889,20.62930828,8,0.281640526,0,0,9.074456653,0
0,4,0.0,24.03908497,16.77606656,1,1.301651303,1,0,125.6539618,0
0,1,1.386294361,54.41478439,37.60438056,4,0.41041549,0,0,367.341368,0
0,1,0.0,47.29380881,47.29380881,1,0.0,0,0,145.0862658,0
0,1,0.693147181,45.85164271,21.10919937,7,0.197094778,0,0,112.4238197,1
0,1,0.693147181,22.49589167,21.03331914,7,0.6372436029999999,0,0,162.6324056,0
0,1,0.0,36.28747433,36.28747433,7,0.0,0,0,1.079191786,0
0,1,1.098612289,24.03863763,20.15243897,7,0.6397782,0,0,125.663991,1
0,7,0.0,27.78370979,27.75359343,5,0.0,0,0,55.72507518,0
1,1,0.0,31.27338983,31.27338983,4,0.0,0,0,15.80255643,0
0,1,1.609437912,42.35071415,16.42710472,5,0.385445833,0,0,50.43955995,1
1,1,1.791759469,64.64613279,31.82477755,4,0.38449394,0,0,864.2130070000002,0
0,1,0.0,18.20681871,18.20681871,5,0.0,0,0,290.4234267,1
0,1,1.098612289,27.46947788,21.69849662,1,0.54348704,0,0,60.51525092,0
0,1,0.0,47.95738586,19.30184805,4,0.687086025,1,0,161.512405,1
0,1,1.098612289,51.18036723,44.20310981,8,0.500712224,0,0,253.8201629,1
0,1,0.0,43.49075975,17.65639973,4,1.125625278,0,1,67.93265716,1
0,1,1.609437912,36.28199863,19.25256674,1,0.471019595,0,0,1.067844997,1
1,7,0.0,52.06570842,52.06570842,6,0.0,0,0,282.8140333,0
1,1,0.0,20.14932973,20.14932973,4,0.0,0,0,227.9889523,0
0,2,0.0,36.47514294,12.55852156,4,1.168139964,0,1,1.5043272019999998,0
0,1,0.0,37.61441808,20.678987,8,0.883503162,1,0,5.596940117999999,1
0,1,0.0,43.07460643,43.07460643,8,0.0,0,0,61.24586374,0
0,1,0.0,23.44971202,23.44971202,8,0.0,0,0,139.214531,0
0,1,0.0,50.1914626,50.1914626,8,0.0,0,0,223.2881631,0
0,1,0.0,21.24572211,21.24572211,8,0.0,0,0,196.0815071,1
0,4,0.0,42.83684111,20.88980151,1,1.217239749,0,1,57.58090576,1
0,1,1.386294361,59.47328742,38.96235455,7,0.373448746,0,0,586.8338926,0
1,1,0.0,61.07049966,61.07049966,4,0.0,0,0,666.7688094,0
1,1,0.0,34.9712089,22.33825424,4,1.5792266469999998,0,1,0.076964005,0
0,1,1.386294361,44.05201916,21.3082339,1,0.355455836,0,0,77.49961197,1
0,1,0.0,30.92128679,30.92128679,7,0.0,0,0,18.72592326,0
0,1,0.0,41.57656809,22.0971937,4,1.288490188,0,1,40.04276531,1
0,1,2.302585093,22.62999189,16.30390144,1,1.108370904,0,0,159.2300978,0
0,1,0.693147181,38.96006334,20.31546721,8,0.225620443,0,0,13.77471689,1
0,1,0.0,26.57357974,14.20396988,3,1.594704029,0,1,75.25654513,1
0,7,0.693147181,25.37060093,25.16108098,8,0.909271294,0,0,97.57551303,0
0,1,0.0,43.15674196,43.15674196,8,0.0,0,0,62.53819087,0
0,1,2.397895273,43.80287474,20.10121895,1,0.636263437,0,0,73.17505569,1
1,1,0.0,53.59069131,53.59069131,4,0.0,0,0,336.4311113,1
0,1,0.0,22.94509541,22.94509541,4,0.0,0,0,151.37703159999995,0
0,2,0.693147181,29.26762491,27.08555784,1,0.560589985,0,0,35.772455,1
0,1,0.0,29.79254503,29.79254503,8,0.0,0,0,29.76889347,0
0,5,1.791759469,29.46251255,14.76796715,5,0.564430706,0,0,33.47918725,0
0,1,0.0,23.25256674,23.25256674,7,0.0,0,0,143.9056004,0
0,1,0.0,39.17284172,39.17284172,1,0.0,0,0,15.39941589,1
0,1,1.386294361,21.94613966,18.27484885,5,0.8013867809999999,0,0,176.956323,0
1,1,0.0,44.98015058,44.98015058,8,0.0,0,0,94.70243886,0
0,1,0.693147181,29.76043806,28.75732118,7,0.706556434,0,0,30.12028125,0
1,1,0.0,60.22573307,60.22573307,5,0.0,0,0,623.8555393999999,0
0,1,0.0,19.66410541,19.66410541,1,0.0,0,0,242.877493,0
0,7,1.791759469,25.96395366,18.38674823,7,0.7635053709999999,0,0,86.20526624,1
1,1,0.0,57.87542779,57.87542779,7,0.0,0,0,511.9718527,0
0,1,0.0,22.08350445,22.08350445,7,0.0,0,0,173.3206038,0
0,1,0.0,19.52361396,19.52361396,4,0.0,0,0,247.2762166,1
0,1,2.302585093,37.37166324,22.4366872,5,0.75152866,0,0,4.507258382,1
0,6,0.0,24.08761123,24.08761123,6,0.0,0,0,124.568402,0
0,1,0.0,19.32238589,19.32238589,7,0.0,0,0,253.6453397,0
0,1,0.0,49.58247775,49.58247775,7,0.0,0,0,205.459112,0
0,1,1.098612289,49.75050799,27.65965153,1,0.294303195,0,0,210.3043849,0
0,1,1.098612289,37.59834227,20.44900753,4,0.331959149,0,0,5.521134717000001,1
0,1,0.693147181,45.50700861,26.57084189,1,0.223964493,0,0,105.2342749,0
0,1,0.0,65.33059548,65.33059548,8,0.0,0,0,904.9244805,0
0,1,0.0,25.65639973,25.65639973,1,0.0,0,0,92.01093482,0
0,7,0.0,21.50581793,21.50581793,8,0.0,0,0,188.8649597,0
0,1,1.098612289,39.88334724,24.75999018,5,0.352198305,0,0,21.48057823,0
1,1,0.693147181,36.84052019,26.9975808,8,0.303687198,0,0,2.534105554,0
0,1,0.0,33.7522245,12.25378787,4,1.229315303,0,1,2.239237708,1
0,1,0.0,20.03192315,20.03192315,5,0.0,0,0,231.5482518,1
0,1,1.098612289,34.68169896,24.44800118,6,0.421942848,0,0,0.321413952,1
0,1,1.098612289,24.9513283,18.25434057,7,0.509746909,0,0,106.0344794,1
0,1,0.0,19.7529738,19.7529738,7,0.0,0,0,240.115447,0
0,2,1.791759469,39.01076768,16.22997947,1,0.458534354,0,0,14.15365903,0
0,1,1.609437912,34.81451061,21.79603012,1,0.534170038,0,0,0.188462053,1
0,1,0.0,47.89454696,17.74948665,4,1.044828163,0,1,159.9191455,1
0,1,1.386294361,30.13558823,20.19151101,1,0.5235655379999999,0,0,26.14322454,0
0,1,0.0,23.37029432,23.37029432,7,0.0,0,0,141.0949244,0
1,1,0.0,37.8998793,37.8998793,7,0.0,0,0,7.0291081470000005,0
1,1,0.0,57.81198234,34.26193833,4,0.7551580920000001,1,0,509.1047438,0
0,1,0.693147181,18.63107461,17.20577658,4,0.642121843,0,0,276.1432394,0
0,1,1.386294361,35.37528991,34.95638635,1,1.4540662290000002,0,0,0.016042031,1
1,1,0.0,57.99249889,57.99249889,5,0.0,0,0,517.283446,0
0,1,0.693147181,40.2311576,18.65023956,1,0.210440441,0,0,24.82555363,1
0,1,0.0,47.22518823,47.22518823,4,0.0,0,0,143.4378805,0
0,1,1.386294361,29.28431598,26.90334867,4,0.941976659,0,0,35.57307479999999,1
1,1,0.0,62.32169747,62.32169747,7,0.0,0,0,732.9508319,1
0,1,1.386294361,37.14621708,17.53593429,5,0.381521179,0,0,3.600826187,0
0,1,0.693147181,20.193709,18.66870792,7,0.6293166410000001,0,0,226.6507299,0
0,1,1.098612289,41.44166394,37.40901821,7,0.63040089,0,0,38.35363505,0
0,7,0.0,40.05475702,40.05475702,4,0.0,0,0,23.09883024,0
0,6,0.0,54.18917906,54.18917906,7,0.0,0,0,358.7442935,0
0,5,1.945910149,30.52457313,16.12460571,4,0.624188444,0,0,22.31673951,0
0,7,1.386294361,36.45967786,24.84599589,4,0.4876853270000001,0,0,1.4666302,0
0,4,0.0,52.30872886,20.54278652,4,1.01865736,0,1,291.0468786,1
0,1,0.0,35.39879069,35.39879069,5,0.0,0,0,0.022547399,0
1,2,0.0,35.95218952,35.95218952,1,0.0,0,0,0.494992096,0
0,1,2.302585093,38.09272762,20.21264371,7,0.690429429,0,0,8.088875473,1
0,1,0.0,31.75633128,31.75633128,8,0.0,0,0,12.19616972,0
0,1,0.693147181,29.72210815,28.63271801,6,0.691815408,0,0,30.54247446,0
0,1,0.0,22.12457221,22.12457221,1,0.0,0,0,172.2409656,1
1,1,0.693147181,46.39972726,18.36979998,4,0.185599596,0,0,124.34690829999998,0
0,2,0.0,29.67282683,29.67282683,3,0.0,0,0,31.0896119,0
0,1,0.0,22.20396988,22.20396988,5,0.0,0,0,170.1632299,1
1,1,0.0,50.2415756,50.2415756,7,0.0,0,0,224.7883345,0
0,1,1.609437912,53.15537303,30.77715473,4,0.413641678,0,0,320.6513467,0
0,1,1.609437912,22.58331524,13.95628207,4,0.644590294,0,0,160.4102682,0
0,4,1.386294361,18.50513347,13.9301848,5,0.733567684,0,0,280.3447689,0
0,1,1.791759469,34.25051335,24.84009975,1,0.693028365,0,0,0.996242389,1
0,4,0.0,39.35112936,39.35112936,8,0.0,0,0,16.83047827,0
0,2,0.0,23.12936345,23.12936345,1,0.0,0,0,146.8766889,0
0,1,0.0,27.09377139,27.09377139,7,0.0,0,0,66.50176419,1
0,7,0.0,27.28773776,27.28773776,7,0.0,0,0,63.37584948,1
0,5,0.0,41.84874708,18.60561431,7,0.759923103,1,0,43.56150893,1
0,1,0.693147181,21.78189225,20.47550992,6,0.658467507,0,0,181.3531002,1
0,1,1.791759469,55.53768309,30.08083802,8,0.43472636,0,0,411.6455629,0
0,1,0.0,32.04656916,32.04656916,4,0.0,0,0,10.25321137,0
1,6,0.0,30.15875681,30.15875681,6,0.0,0,0,25.90683729,0
0,5,1.098612289,37.00752909,20.71689935,6,0.340102318,0,0,3.093716253,0
0,5,1.791759469,28.05965146,22.4860298,1,0.872132859,0,0,51.68145228,1
0,1,0.0,33.25967298,20.36687201,7,1.003850664,1,0,3.955961063,1
0,1,1.386294361,24.60264887,16.8506978,5,0.585474773,0,0,113.3369733,1
0,1,2.397895273,42.25967491,18.80103905,1,0.639416567,0,0,49.15471187,0
0,1,0.0,47.10488827,47.10488827,8,0.0,0,0,140.5707944,0
0,1,2.079441542,35.4729918,13.87455275,7,0.556557192,0,0,0.050336973,0
0,6,0.693147181,18.92402464,17.99771393,5,0.720504719,0,0,266.4928307,1
0,1,0.693147181,19.67145791,19.50171116,7,0.924600399,0,0,242.6483769,0
0,1,0.0,49.28184767,49.28184767,1,0.0,0,0,196.93112030000003,1
0,6,0.0,29.36892539,19.28627814,3,1.123937761,1,0,34.57095887,1
0,1,0.0,34.41478439,15.91786448,4,0.847385472,1,0,0.6953031190000001,1
0,1,2.197224577,33.79603012,23.16221766,1,0.829247105,0,0,2.110054478,1
1,3,0.0,23.49971332,23.49971332,4,0.0,0,0,138.0371084,0
0,1,0.693147181,21.68377823,17.42591046,5,0.436109121,0,0,184.0052787,0
0,1,0.0,37.92337602,11.028545800000002,5,0.708438503,1,0,7.154251422000001,1
0,1,0.693147181,35.48270363,34.66053822,7,0.740808747,0,0,0.054789165,1
0,1,0.693147181,18.29061896,16.21534252,6,0.570240316,0,0,287.5742324,0
0,5,1.609437912,37.76639649,26.45311431,7,0.569958296,0,0,6.339134155,0
0,4,1.386294361,18.71972023,15.53182752,3,0.8463750529999999,0,0,273.20495,1
0,1,0.0,27.38280924,13.91032173,1,0.983540903,1,0,61.87117979,1
0,1,0.0,18.41478439,18.41478439,4,0.0,0,0,283.3784512000001,0
0,6,0.0,29.40156466,29.40156466,7,0.0,0,0,34.18820549,0
0,1,1.791759469,36.65552973,28.15225882,5,0.7253513890000001,0,0,1.979359047,1
0,1,1.791759469,48.05581635,23.67033139,5,0.443805081,0,0,164.0239511,0
1,6,0.0,33.56802564,33.56802564,4,0.0,0,0,2.824440329,0
0,2,0.0,24.26330545,16.25906096,4,1.943192471,0,1,120.6774164,1
0,1,0.693147181,22.49965777,15.92677764,5,0.36338706,0,0,162.53636369999995,1
0,6,0.693147181,44.6954141,36.92216655,4,0.337613503,0,0,89.24167744,1
0,5,1.098612289,34.69237806,31.4152691,7,0.6838169159999999,0,0,0.30941930100000004,1
0,4,0.0,49.65366188,26.40046968,1,0.7597654909999999,1,0,207.5048634,1
0,1,0.0,40.34807606,40.34807606,1,0.0,0,0,26.00432181,0
1,1,0.0,19.50992471,19.50992471,4,0.0,0,0,247.7069315,0
0,1,0.0,24.183436,24.183436,7,0.0,0,0,122.43857959999998,1
0,5,0.0,30.9610779,30.9610779,4,0.0,0,0,18.38312677,0
0,6,0.0,48.14005717,48.14005717,1,0.0,0,0,166.1888229,0
1,1,0.0,39.72073922,39.72073922,8,0.0,0,0,19.99973607,1
0,1,1.386294361,28.59411362,22.49321701,5,0.649986045,0,0,44.28262515,0
0,7,0.0,26.0862423,26.0862423,4,0.0,0,0,83.94939918,0
0,1,0.0,24.86597137,20.39360756,1,1.599471614,1,0,107.7996579,1
0,6,1.791759469,40.70910335,19.08743095,1,0.470135069,0,0,29.81673896,0
0,1,1.791759469,27.20680755,19.55086933,8,0.760025088,0,0,64.67095289,1
0,6,1.386294361,51.91660687,15.71167956,1,0.283962112,0,0,277.8213605,0
1,6,0.0,51.68502465,24.14510609,4,1.091473243,0,1,270.154978,0
0,1,1.791759469,30.96667015,22.33535434,7,0.7205136120000001,0,0,18.33520388,1
0,1,0.0,27.15947981,27.15947981,1,0.0,0,0,65.43439569,0
0,1,0.0,23.6118734,23.6118734,5,0.0,0,0,135.4141687,0
0,1,0.0,26.09514472,14.52429843,7,1.055314146,1,0,83.78634355,1
0,6,0.0,60.25188227,60.25188227,8,0.0,0,0,625.1624855,0
0,1,0.0,25.92180812,25.92180812,7,0.0,0,0,86.98965807,1
1,6,0.0,52.49281314,51.79192334,6,0.0,0,0,297.3617566000001,0
0,7,0.0,24.21902806,24.21902806,8,0.0,0,0,121.6521801,0
0,1,0.0,47.38322116,47.38322116,7,0.0,0,0,147.2482353,1
0,1,0.693147181,20.95229634,20.69609954,7,0.892218367,0,0,204.3852354,0
0,2,0.0,27.28434833,27.28434833,4,0.0,0,0,63.42982662,0
0,1,0.0,28.98015058,28.98015058,7,0.0,0,0,39.29386898,0
0,1,1.386294361,23.92290811,18.40793777,5,0.678585235,0,0,128.27203909999997,0
0,4,0.0,36.82956879,36.82956879,1,0.0,0,0,2.499358685,1
0,7,0.0,40.93360712,40.93360712,5,0.0,0,0,32.31893331,1
0,1,0.0,32.50102669,32.50102669,1,0.0,0,0,7.549339165,1
0,6,0.0,31.86770268,31.86770268,7,0.0,0,0,11.43068831,1
0,1,1.098612289,60.467676,38.34347726,8,0.294090944,0,0,636.0001411000002,0
0,1,0.0,52.07547469,52.07547469,7,0.0,0,0,283.1426088,0
0,1,1.791759469,18.74880219,18.69406431,1,2.177272219,0,0,272.24440930000003,0
0,1,0.0,37.79876797,37.79876797,7,0.0,0,0,6.503189507999999,1
0,2,1.098612289,35.40055809,27.64350439,7,0.477898856,0,0,0.023081302,0
1,7,0.0,28.00981624,28.00981624,4,0.0,0,0,52.40046479,0
0,1,0.0,37.37057878,37.37057878,7,0.0,0,0,4.502654869,0
0,1,0.0,23.92954046,23.92954046,6,0.0,0,0,128.1218508,0
0,1,0.0,63.33316548,32.14784394,5,0.659530815,1,0,788.7409775,1
0,1,1.098612289,35.31279945,27.86351272,7,0.48652479,0,0,0.004117363,1
0,1,1.386294361,26.34360027,18.71972162,5,0.589806167,0,0,79.29960381,1
0,1,0.693147181,20.19255168,18.59344041,5,0.620279693,0,0,226.6855778,1
1,1,0.0,46.57084189,46.57084189,7,0.0,0,0,128.19241929999998,0
0,1,0.0,51.57198646,51.57198646,1,0.0,0,0,266.4518757,0
1,1,0.0,44.65511956,23.59479808,1,0.796632645,1,0,88.48199366,0
0,7,0.0,28.90622861,28.90622861,1,0.0,0,0,40.22609056,0
0,4,0.0,35.08555784,35.08555784,3,0.0,0,0,0.026593435,1
0,6,0.0,32.95277207,32.95277207,7,0.0,0,0,5.27097635,0
0,1,0.0,41.45379877,41.45379877,7,0.0,0,0,38.50408502,0
0,1,0.0,49.5633128,26.72689938,4,0.766378942,1,0,204.9100643,0
1,1,1.098612289,40.80245234,39.33882726,4,0.901006012,0,0,30.84491179,1
0,4,0.0,41.80982163,41.80982163,8,0.0,0,0,43.04919919,0
0,1,1.098612289,36.22869116,19.02690268,6,0.331480486,0,0,0.960514432,0
0,1,0.693147181,22.63655031,11.63586585,7,0.288666902,0,0,159.0646241,1
